Page,Name
1359332067,Lucas Armiento
5281959998,The New York Times
5485793674,Kelly Rowland
5550296508,CNN
5618127822,Thirty Seconds to Mars
5630135837,Joss Stone
5676133521,
5720973755,Defenders of Wildlife
5768707450,MLB
5883973269,Liberal Democrats
6002796793,Alanis Morissette
6092929747,The Office
6187954123,Sigur Rós
6204742571,Sierra Club
6289201895,Smilebox
6334782252,Oceana
6399067073,ThinkGeek
6651543066,CNNMoney
6700961047,Cancer Research UK Relay For Life
6815841748,Barack Obama
6829493713,(RED)
6898166798,Mall of America
7037526514,Jeep
7126051465,Katy Perry
7144906559,KFC
7283976105,Nigeria
7511533723,TurboTax
7558451780,Orange
7568536355,Lifehacker
7630216751,Do Something
7691064634,Thich Nhat Hanh
7717041259,Neutrogena
7886660434,Jennifer Hudson
8002590959,Rainforest Action Network
8031842923,Epica
8114223318,Liftopia
8210451787,Linkin Park
8304333127,The Wall Street Journal
8340223883,Avaaz
8389383510,Sprint
8576093908,AT&T
8605796091,Diet Coke
8725012666,Boston Celtics
8798180154,The Richard Dawkins Foundation for Reason and Science (Official)
8934429638,Planned Parenthood Action
9418270899,Buffalo Wild Wings
9564135890,Betty Boom
9727196242,Bicky Burger
9748634303,So You Think You Can Dance
10237302714,"Play Station, Nitendo, X Boxs  E.t.c"
10643211755,NPR
10689860898,What Would You Do?
10737653985,kate spade new york
10901008068,Guns N' Roses
11055104471,ONE
11132188727,Tiger
13652355666,USA TODAY
14892757589,Le Monde.fr
15554410418,Sharrott Winery
15704546335,Fox News
15755709838,
16792472126,Pureology Serious Colour Care
16871848717,Stop It Now!
17382788643,SID
17774451468,Mr. Bean
18289553474,Paris
18343191100,Newsweek
18493706927,I Love Being Black
18651374805,PLAY STATION 2
18801397386,AirAsia
18962571991,MGM Studios
19286773617,Chateau Elan Winery & Resort
20950654496,The Onion
26035834884,Royal Air Force
28859306498,Madison Square Garden
30775112500,One Year Bible Blog
31452279055,K-LOVE Radio
32421823940,U.S. Soccer
40796308305,Coca-Cola
41120927270,Disneynature
42145905998,Drew Curtis' Fark.com
42940254353,Human Rights Watch
47360808996,CBS
55139614218,San Francisco | The Official Guide
63811549237,The White House
76026867998,NDTV Goodtimes
83431257070,Human Target
90240021027,NBC LA
97212224368,CNBC
98029424570,Clarins
99219862934,Sony Music Brasil
99489209116,JAPAN4YOU
106096217726,Dourakis Winery
111452573760,Rumah Madani - Busana Muslim
113408673932,HBO
114098460730,
120963705931,Hilton HHonors
121219973056,Energy Saver
130735122486,Intel Thailand
134193140910,Being Conservative
141512340315,Royal Pains
144917055340,LA Lakers
148167278107,I Love My Family
150864087963,Amazon Books
161976601328,Mutt Lynch Winery
174431941806,Genevieve Gorder
178191330369,Office
184073274591,Posthotel Schladming
188336880869,Starbucks France
193072760827,統一星巴克咖啡同好會
194918676879,
196008660929,Nat Geo Wild
209408956698,HTC Malaysia
220818858019,THE nightrace Schladming official site
226402156107,AMBER Alert
230282397028,I LOVE The Beatles
250083749935,Disaster Response on Facebook
251797246747,Festiwal Polskich Filmów Fabularnych
256200596988,Donna Norris - Amber Alert Mom - Child Advocate
261098770903,Friends of NRA
268228483234,Charlie's Sub Sandwich Station
299883026679,In Loving Memory Of Somer Thompson
335574863819,
493075535051,Chaddsford Winery
102462666464836,Aarti Sequeira
103383103150840,
104375499654834,"No, Microsoft Word, I'm pretty sure I know how to spell my own name"
107214895991663,The BULLY Project
108919785796003,KHUSUS MUSLIMAH
121128974566421,fluid ink
125325860879787,
125787337496837,
126385310775420,Sustainable Development Policy & Practice / Post-2015 Development Agenda
126975234048857,
127405344001263,
129370207168068,True Activist
130833830320642,Farmville Bonus
132728146765723,ATOMIC SKIING
133279166727577,The Tea Party
135155166518704,Amazon Student
135922659784530,Love
136264019722601,Rush Limbaugh
141094772576049,
144511635581827,Intel Malaysia
145393495515570,Intel Australia
146839468660306,WINERY
150499681635588,24-Hour Bully Stake-Out
152358668171541,Remove and Replace Every Teapublican in 2012
154957517930371,NBC Politics
157264947680409,Hold My Hand
164505093569983,MetLife
165668626836269,DHL Express Srbija
166785736790960,I Relate Feelings
169629069729559,Pakistan Air Force
174009145975879,HTCampus.com
178435075560368,Caring and Courageous
178463258907212,We The People
178713385549168,California Right To Know
186901908014467,Intel France
188010171219815,Din Tai Fung Bellevue 鼎泰豐
192169930808550,Islamic Book
192420184168470,Afghanistan
192646367542354,Keep Matt Free
194650670610865,
195152223850783,JAPAN AIRLINES (JAL)
196198640420426,Mountainbike Schladming
199299723534097,
201728286564087,News24 Kenya
203841476411447,Royal Club Consulting
218502344846561,First Bank of Nigeria Limited
219383801413090,
235601969846206,
246881265345291,Say NO to Bullying
254620607914006,Occupy Seattle
258106877558909,Occupy Wall Street
266340220123141,Ski-Akademie Schladming
280920811923248,PoliticsNation with Al Sharpton
282571518441363,日テレNEWS24公式ページ
292440510802935,"*Well, if that isn't the skank calling the whore a slut.*"
292974040727244,humor inteligente
294421993905616,Occupy Together
295474380481252,99%
300500749974332,
302323496482325,
302896416450257,WellDoneStuff.Com
310752782271834,Drink Air
314376725294296,Protect Our Kids 2012
317928348241564,Ted
344267635599110,A Little Inspiration
360532030624794,
385735158126550,SAVE CISE @ UF
488878434469215,
